"mean_1","mean_2","mean_3","sd_1","sd_2","sd_3"
0.501244883950403,20.4766669339213,79.3357917378519,0.275703998428464,16.3455086682934,60.9508400836727
