"mean_1","mean_2","mean_3","concentration_1","concentration_2","concentration_3"
-3.09702283129961,-0.153222480669081,0.314825125561166,0.372611278454716,0.135687368335684,0.584207015943718
